{
    "Recommended": [
        {
            "itemname": "Gulab Jamun",
            "itemtype": "veg",
            "price": "10"
      },
        {
            "itemname": "Gajar Halwa",
            "itemtype": "veg",
            "price": "30"
      },
        {
            "itemname": "Rabree",
            "itemtype": "veg",
            "price": "50"
      },
        {
            "itemname": "Jalebi",
            "itemtype": "veg",
            "price": "20"
      }
   ],
    "Rice_&_Noodles": [
        {
            "itemname": "Plain Maggi",
            "itemtype": "veg",
            "price": "25"
      },
        {
            "itemname": "Veg Maggi",
            "itemtype": "veg",
            "price": "30"
      },
        {
            "itemname": "Plain Paneer Maggi",
            "itemtype": "veg",
            "price": "35"
      },
        {
            "itemname": "Plain Cheese Maggi",
            "itemtype": "veg",
            "price": "40"
      },
        {
            "itemname": "Plain Paneer Cheese Maggi",
            "itemtype": "veg",
            "price": "45"
      },
        {
            "itemname": "Chowmin(half)",
            "itemtype": "veg",
            "price": "35"
      },
        {
            "itemname": "Double Cheese Paneer Maggi",
            "itemtype": "veg",
            "price": "60"
      },
        {
            "itemname": "Plain Maggi(Butter)",
            "itemtype": "veg",
            "price": "30"
      },
        {
            "itemname": "Veg Maggi(Butter)",
            "itemtype": "veg",
            "price": "35"
      },
        {
            "itemname": "Veg Paneer Maggi",
            "itemtype": "veg",
            "price": "40"
      },
        {
            "itemname": "Veg Cheese Maggi",
            "itemtype": "veg",
            "price": "45"
      },
        {
            "itemtype": "veg",
            "price": "30",
            "itemname": "Plain Rice"
      },
        {
            "itemtype": "veg",
            "price": "60",
            "itemname": "Fried Rice"
      },
        {
            "itemtype": "veg",
            "price": "65",
            "itemname": "Veg Pulav"
      },
        {
            "itemtype": "veg",
            "price": "45",
            "itemname": "Jeera Pulav"
      },
        {
            "itemtype": "veg",
            "price": "55",
            "itemname": "Ghee Pulav"
      },
        {
            "itemtype": "veg",
            "price": "70",
            "itemname": "Paneer Pulav"
      },
        {
            "itemtype": "veg",
            "price": "65",
            "itemname": "Dal Chawal"
      },
        {
            "itemtype": "veg",
            "price": "75",
            "itemname": "Kaghai Chawal"
      },
        {
            "itemtype": "veg",
            "price": "75",
            "itemname": "Chola Chawal"
      },
        {
            "itemtype": "veg",
            "price": "80",
            "itemname": "Rajma Chawal"
      }
   ],
    "Main_course_veg": [
        {
            "itemname": "Pkaodi Khadi",
            "price": "45",
            "itemtype": "veg"
      },
        {
            "itemname": "Veg Kofta",
            "price": "80",
            "itemtype": "veg"
      },
        {
            "itemname": "Paneer",
            "price": "90",
            "itemtype": "veg"
      },
        {
            "itemname": "Malai Kofta",
            "price": "85",
            "itemtype": "veg"
      },
        {
            "itemname": "Green Salad",
            "price": "30",
            "itemtype": "veg"
      },
        {
            "itemname": "Plain Curd",
            "price": "10",
            "itemtype": "veg"
      },
        {
            "itemname": "matta",
            "price": "20",
            "itemtype": "veg"
      },
        {
            "itemname": "Onion Raita",
            "price": "30",
            "itemtype": "veg"
      },
        {
            "itemname": "Mix Veg Raita",
            "price": "35",
            "itemtype": "veg"
      },
        {
            "itemname": "Sugar Curd",
            "price": "20",
            "itemtype": "veg"
      },
        {
            "itemname": "Boonadi Raita",
            "price": "30",
            "itemtype": "veg"
      },
        {
            "itemname": "Cucumber Raita",
            "price": "30",
            "itemtype": "veg"
      },
        {
            "price": "50",
            "itemtype": "veg",
            "itemname": "Dal Fry"
      },
        {
            "price": "60",
            "itemtype": "veg",
            "itemname": "Dal Tadka"
      },
        {
            "price": "70",
            "itemtype": "veg",
            "itemname": "Dal Makhani"
      },
        {
            "price": "50",
            "itemtype": "veg",
            "itemname": "Jeera Dal Fry"
      },
        {
            "price": "65",
            "itemtype": "veg",
            "itemname": "Butter Dal Fry"
      },
        {
            "price": "60",
            "itemname": "Aloo Jeera fry",
            "itemtype": "veg"
      },
        {
            "price": "60",
            "itemname": "Bhindi Fry",
            "itemtype": "veg"
      },
        {
            "price": "66",
            "itemname": "Aloo Gobi Fry",
            "itemtype": "veg"
      },
        {
            "price": "70",
            "itemname": "Dum Aloo",
            "itemtype": "veg"
      },
        {
            "price": "80",
            "itemname": "Mushroom Masala",
            "itemtype": "veg"
      },
        {
            "price": "60",
            "itemname": "Aloo Mutter",
            "itemtype": "veg"
      },
        {
            "price": "60",
            "itemname": "Aloo Capsicum",
            "itemtype": "veg"
      },
        {
            "price": "70",
            "itemname": "Mix Veg",
            "itemtype": "veg"
      },
        {
            "price": "75",
            "itemname": "Rajma Masala",
            "itemtype": "veg"
      }
   ],
    "Veg_Starters": [
        {
            "price": "25",
            "itemname": "Bread Pakoda",
            "itemtype": "veg"
      },
        {
            "price": "30",
            "itemname": "Mix Pakoda",
            "itemtype": "veg"
      },
        {
            "price": "30",
            "itemname": "Paneer Pakoda",
            "itemtype": "veg"
      },
        {
            "price": "30",
            "itemname": "Paneer Bread Pakoda",
            "itemtype": "veg"
      },
        {
            "price": "35",
            "itemname": "Moong Dal Pakoda",
            "itemtype": "veg"
      },
        {
            "itemname": "Veg Sandwich",
            "price": "25",
            "itemtype": "veg"
      },
        {
            "itemname": "Peanur Butter Sandwich",
            "price": "35",
            "itemtype": "veg"
      },
        {
            "itemname": "Aloo Paneer Sandwich",
            "price": "45",
            "itemtype": "veg"
      },
        {
            "itemname": "Aloo Cheese Sandwich",
            "price": "45",
            "itemtype": "veg"
      },
        {
            "itemname": "Paneer Cheese Sandwich",
            "price": "55",
            "itemtype": "veg"
      },
        {
            "itemname": "Aloo Veg Sandwich",
            "price": "35",
            "itemtype": "veg"
      },
        {
            "itemname": "Paneer Sandwich",
            "price": "40",
            "itemtype": "veg"
      },
        {
            "itemname": "Cheese Sandwich",
            "price": "45",
            "itemtype": "veg"
      },
        {
            "itemname": "Aloo Paneer Cheese Sandwich",
            "price": "50",
            "itemtype": "veg"
      },
        {
            "itemname": "Double Paneer Cheese Aloo Sandwich",
            "price": "75",
            "itemtype": "veg"
      },
        {
            "itemtype": "veg",
            "itemname": "Masala Papad",
            "price": "20"
      },
        {
            "itemtype": "veg",
            "itemname": "Honey Chilly Potato",
            "price": "65"
      },
        {
            "itemtype": "veg",
            "itemname": "Paneer Tikka",
            "price": "90"
      },
        {
            "itemtype": "veg",
            "itemname": "Chilly Potato",
            "price": "60"
      },
        {
            "itemtype": "veg",
            "itemname": "Paneer Chilly",
            "price": "80"
      },
        {
            "itemtype": "veg",
            "itemname": "Agk Spl Chola Bhatura",
            "price": "50"
      },
        {
            "itemtype": "veg",
            "itemname": "Cheese Chola Bhautra",
            "price": "70"
      },
        {
            "itemtype": "veg",
            "itemname": "Extra Chola",
            "price": "20"
      },
        {
            "itemtype": "veg",
            "itemname": "Samosa",
            "price": "10"
      },
        {
            "itemtype": "veg",
            "itemname": "Paneer Samosa",
            "price": "15"
      },
        {
            "itemtype": "veg",
            "itemname": "Kachori",
            "price": "15"
      },
        {
            "itemtype": "veg",
            "itemname": "Pyaz Kachori",
            "price": "20"
      },
        {
            "itemtype": "veg",
            "itemname": "Cutlet",
            "price": "20"
      },
        {
            "itemtype": "veg",
            "itemname": "Masala Puri",
            "price": "25"
      },
        {
            "itemtype": "veg",
            "itemname": "Bhel Puri",
            "price": "20"
      },
        {
            "itemtype": "veg",
            "itemname": "Spl Poha",
            "price": "30"
      },
        {
            "itemtype": "veg",
            "itemname": "Momos(Paneer)",
            "price": "60"
      },
        {
            "itemtype": "veg",
            "itemname": "Pari Chaat",
            "price": "30"
      },
        {
            "itemtype": "veg",
            "itemname": "Spring Roll",
            "price": "45"
      },
        {
            "itemtype": "veg",
            "itemname": "Paneer Pav Bhaji",
            "price": "55"
      },
        {
            "itemtype": "veg",
            "itemname": "Extra Pav",
            "price": "25"
      },
        {
            "itemtype": "veg",
            "itemname": "Dahi Bhale",
            "price": "45"
      },
        {
            "itemtype": "veg",
            "itemname": "Agk Spl Paneer Chola Bhatura",
            "price": "60"
      },
        {
            "itemtype": "veg",
            "itemname": "Extra Bhatura",
            "price": "20"
      },
        {
            "itemtype": "veg",
            "itemname": "Dhokla",
            "price": "15"
      },
        {
            "itemtype": "veg",
            "itemname": "Dhai Samosa",
            "price": "20"
      },
        {
            "itemtype": "veg",
            "itemname": "Chola Samosa",
            "price": "25"
      },
        {
            "itemtype": "veg",
            "itemname": "Dhai Kachori",
            "price": "25"
      },
        {
            "itemtype": "veg",
            "itemname": "Chola Kachori",
            "price": "30"
      },
        {
            "itemtype": "veg",
            "itemname": "Pani Puri",
            "price": "20"
      },
        {
            "itemtype": "veg",
            "itemname": "Aloo Chat",
            "price": "25"
      },
        {
            "itemtype": "veg",
            "itemname": "Aloo Tikki(Basin)",
            "price": "25"
      },
        {
            "itemtype": "veg",
            "itemname": "Momos",
            "price": "50"
      },
        {
            "itemtype": "veg",
            "itemname": "Sev Puri",
            "price": "30"
      },
        {
            "itemtype": "veg",
            "itemname": "Raj Kachori",
            "price": "50"
      },
        {
            "itemtype": "veg",
            "itemname": "Pav Bhaji",
            "price": "50"
      },
        {
            "itemtype": "veg",
            "itemname": "Cheese Pav Bhaji",
            "price": "60"
      },
        {
            "itemtype": "veg",
            "itemname": "Extra Bhaji",
            "price": "20"
      }
   ],
    "Breads": [
        {
            "itemtype": "veg",
            "price": "15",
            "itemname": "Plain Paratha"
      },
        {
            "itemtype": "veg",
            "price": "25",
            "itemname": "lacha Paratha"
      },
        {
            "itemtype": "veg",
            "price": "40",
            "itemname": "Paneer Paratha"
      },
        {
            "itemtype": "veg",
            "price": "40",
            "itemname": "Mix Veg Paratha"
      },
        {
            "itemtype": "veg",
            "price": "50",
            "itemname": "Cheese Aloo paratha"
      },
        {
            "itemtype": "veg",
            "price": "30",
            "itemname": "Aloo Paratha"
      },
        {
            "itemtype": "veg",
            "price": "35",
            "itemname": "Gobi Paratha"
      },
        {
            "itemtype": "veg",
            "price": "35",
            "itemname": "Mutter Paratha"
      },
        {
            "itemtype": "veg",
            "price": "45",
            "itemname": "Cheese Paratha"
      },
        {
            "itemtype": "veg",
            "price": "55",
            "itemname": "Paneer Cheese Paratha"
      },
        {
            "itemtype": "veg",
            "price": "7",
            "itemname": "Tawa Roti"
      },
        {
            "itemtype": "veg",
            "price": "16",
            "itemname": "Naan"
      },
        {
            "itemtype": "veg",
            "price": "25",
            "itemname": "Dhaniya Naan"
      },
        {
            "itemtype": "veg",
            "price": "30",
            "itemname": "Plain Kulcha"
      },
        {
            "itemtype": "veg",
            "price": "35",
            "itemname": "Masala Kulcha"
      },
        {
            "itemtype": "veg",
            "price": "40",
            "itemname": "Paneer Kulcha"
      },
        {
            "itemtype": "veg",
            "price": "8",
            "itemname": "Tandoori Roti"
      },
        {
            "itemtype": "veg",
            "price": "15",
            "itemname": "Dhaniya Roti"
      },
        {
            "itemtype": "veg",
            "price": "30",
            "itemname": "Garlic Naan"
      },
        {
            "itemtype": "veg",
            "price": "35",
            "itemname": "Aloo Kulcha"
      },
        {
            "itemtype": "veg",
            "price": "40",
            "itemname": "Butter Kulcha"
      }
   ],
    "Beverages": [
        {
            "itemname": "Sharbat",
            "itemtype": "veg",
            "price": "25"
      },
        {
            "itemname": "Mousambi Juice",
            "itemtype": "veg",
            "price": "25"
      },
        {
            "itemname": "Pineapple juice",
            "itemtype": "veg",
            "price": "25"
      },
        {
            "itemname": "Anar juice",
            "itemtype": "veg",
            "price": "45"
      },
        {
            "itemname": "Chocolate",
            "itemtype": "veg",
            "price": "40"
      },
        {
            "itemname": "Chikku milk Shake",
            "itemtype": "veg",
            "price": "30"
      },
        {
            "itemname": "strawberry",
            "itemtype": "veg",
            "price": "35"
      },
        {
            "itemname": "Watermelon juice",
            "itemtype": "veg",
            "price": "30"
      },
        {
            "itemname": "lime Soda",
            "itemtype": "veg",
            "price": "20"
      },
        {
            "itemname": "Shikanji",
            "itemtype": "veg",
            "price": "25"
      },
        {
            "itemname": "Orange Juice",
            "itemtype": "veg",
            "price": "30"
      },
        {
            "itemname": "Grape juice",
            "itemtype": "veg",
            "price": "35"
      },
        {
            "itemname": "Thandai",
            "itemtype": "veg",
            "price": "40"
      },
        {
            "itemname": "Banana Milk Shake",
            "itemtype": "veg",
            "price": "40"
      },
        {
            "itemname": "Mango Milk Shake",
            "itemtype": "veg",
            "price": "40"
      },
        {
            "itemname": "Apple juice",
            "itemtype": "veg",
            "price": "35"
      },
        {
            "itemname": "Lime Juice",
            "itemtype": "veg",
            "price": "20"
      },
        {
            "price": "15",
            "itemname": "Sple Tea Ginger",
            "itemtype": "veg"
      },
        {
            "price": "30",
            "itemname": "Badam Milk",
            "itemtype": "veg"
      },
        {
            "price": "30",
            "itemname": "Plain Lassi",
            "itemtype": "veg"
      },
        {
            "price": "40",
            "itemname": "Mango Lassi",
            "itemtype": "veg"
      },
        {
            "price": "45",
            "itemname": "Faluda",
            "itemtype": "veg"
      },
        {
            "price": "15",
            "itemname": "coffe",
            "itemtype": "veg"
      },
        {
            "price": "35",
            "itemname": "Pista milk",
            "itemtype": "veg"
      },
        {
            "price": "40",
            "itemname": "Grape Lassi",
            "itemtype": "veg"
      },
        {
            "price": "45",
            "itemname": "Cold Coffe",
            "itemtype": "veg"
      }
   ],
    "Deserts": [
        {
            "itemname": "Gulab Jamun",
            "itemtype": "veg",
            "price": "10"
      },
        {
            "itemname": "Gajar Halwa",
            "itemtype": "veg",
            "price": "30"
      },
        {
            "itemname": "Rabree",
            "itemtype": "veg",
            "price": "50"
      },
        {
            "itemname": "Jalebi",
            "itemtype": "veg",
            "price": "20"
      }
   ]
}