{
    "Recommended": [
        {
            "itemtype": "nonveg",
            "itemname": "Tandoori Chicken(Half)",
            "price": "145"
      },
        {
            "itemtype": "nonveg",
            "itemname": "Afgani Chicken(Half)",
            "price": "160"
      },
        {
            "itemtype": "nonveg",
            "itemname": "Mutton Naan",
            "price": "1400"
      },
        {
            "itemtype": "veg",
            "itemname": "Paneer Cheese Tikka",
            "price": "99"
      }
   ],
    "Tandoori_Starters(Veg)": [
        {
            "itemtype": "veg",
            "itemname": "Paneer 65",
            "price": "75"
      },
        {
            "price": "85",
            "itemtype": "veg",
            "itemname": "Paneer Tikka"
      },
        {
            "price": "115",
            "itemtype": "veg",
            "itemname": "Paneer Seek Kabab"
      },
        {
            "price": "150",
            "itemtype": "veg",
            "itemname": "Tiranga Paneer"
      },
        {
            "price": "80",
            "itemtype": "veg",
            "itemname": "Aloo Angara"
      },
        {
            "price": "99",
            "itemtype": "veg",
            "itemname": "Paneer Cheese Tikka"
      }
   ],
    "Chinese_Starters(Veg)": [
        {
            "itemtype": "veg",
            "itemname": "Paneer Manchurian",
            "price": "80"
      },
        {
            "itemtype": "veg",
            "itemname": "Paneer Chilli",
            "price": "75"
      },
        {
            "itemtype": "veg",
            "itemname": "Gobi 65",
            "price": "60"
      },
        {
            "itemtype": "veg",
            "itemname": "Gobi Manchurian",
            "price": "65"
      },
        {
            "itemtype": "veg",
            "itemname": "Aloo Chilli",
            "price": "60"
      },
        {
            "itemtype": "veg",
            "itemname": "Chilli Mushroom",
            "price": "80"
      },
        {
            "itemtype": "veg",
            "itemname": "Mushroom 65",
            "price": "70"
      },
        {
            "itemtype": "veg",
            "itemname": "Veg Manchurian(Dry/Gravy)",
            "price": "80"
      },
        {
            "itemtype": "veg",
            "itemname": "Sezhwan Paneer",
            "price": "85"
      },
        {
            "itemtype": "veg",
            "itemname": "Gobi Chilli",
            "price": "60"
      },
        {
            "itemtype": "veg",
            "itemname": "Aloo Manchurian",
            "price": "60"
      },
        {
            "itemtype": "veg",
            "itemname": "Aloo 65",
            "price": "70"
      },
        {
            "itemtype": "veg",
            "itemname": "Mushroom Manchurian",
            "price": "70"
      },
        {
            "itemtype": "veg",
            "itemname": "Gobi Paneer Manchurian",
            "price": "95"
      },
        {
            "price": "360",
            "itemtype": "veg",
            "itemname": "Veg Sakahari Palater"
      },
        {
            "price": "70",
            "itemtype": "veg",
            "itemname": "Tandoori Gobi"
      }
   ],
    "Tandoori_Starters(Non-Veg)": [
        {
            "price": "260",
            "itemtype": "nonveg",
            "itemname": "Tandoori Chicken(Full)"
      },
        {
            "price": "135",
            "itemtype": "nonveg",
            "itemname": "Tandoori Chicken(Half)"
      },
        {
            "price": "260",
            "itemtype": "nonveg",
            "itemname": "Afgani Chicken(Full)"
      },
        {
            "price": "150",
            "itemtype": "nonveg",
            "itemname": "Afgani Chicken(Half)"
      },
        {
            "price": "110",
            "itemtype": "nonveg",
            "itemname": "Hariyali Kabab"
      },
        {
            "price": "120",
            "itemtype": "nonveg",
            "itemname": "Lahsuni Kabab"
      },
        {
            "price": "140",
            "itemtype": "nonveg",
            "itemname": "Chicken Cheese Kabab"
      },
        {
            "price": "200",
            "itemtype": "nonveg",
            "itemname": "Mutton Mhops"
      },
        {
            "price": "199",
            "itemname": "Mutton Seek Kebab",
            "itemtype": "nonveg"
      },
        {
            "price": "1400",
            "itemname": "Mutton Raan",
            "itemtype": "nonveg"
      }
   ],
    "Chinese_Starters(Nog-Veg)": [
        {
            "price": "110",
            "itemtype": "nonveg",
            "itemname": "Chicken Tikka"
      },
        {
            "price": "260",
            "itemtype": "nonveg",
            "itemname": "Alpha Chicken(Full)"
      },
        {
            "price": "450",
            "itemtype": "nonveg",
            "itemname": "Mix Non-Veg Plater"
      },
        {
            "price": "120",
            "itemtype": "nonveg",
            "itemname": "Malai Kabab"
      },
        {
            "price": "120",
            "itemtype": "nonveg",
            "itemname": "Adrakhi Kabab"
      },
        {
            "price": "140",
            "itemtype": "nonveg",
            "itemname": "Kulfi"
      },
        {
            "price": "170",
            "itemtype": "nonveg",
            "itemname": "Ronaki Seek Kabab"
      },
        {
            "price": "140",
            "itemtype": "nonveg",
            "itemname": "Alpha Chichen(Half)"
      },
        {
            "price": "299",
            "itemtype": "nonveg",
            "itemname": "Mix Non-Veg Palter(Half)"
      },
        {
            "itemtype": "nonveg",
            "price": "90",
            "itemname": "Chilli Chicken"
      },
        {
            "itemtype": "nonveg",
            "price": "100",
            "itemname": "Schezwan Chicken"
      },
        {
            "itemtype": "nonveg",
            "price": "100",
            "itemname": "Lemon Chicken"
      },
        {
            "itemtype": "nonveg",
            "price": "110",
            "itemname": "Dragon Chicken"
      },
        {
            "itemtype": "nonveg",
            "price": "140",
            "itemname": "Chicken Winglet(Full)"
      },
        {
            "itemtype": "nonveg",
            "price": "75",
            "itemname": "Chicken Winglet(Half)"
      },
        {
            "itemtype": "nonveg",
            "price": "90",
            "itemname": "Chicken Manchurian"
      },
        {
            "itemtype": "nonveg",
            "price": "100",
            "itemname": "Mahaboob Chicken"
      },
        {
            "itemtype": "nonveg",
            "price": "100",
            "itemname": "Ginger Chicken"
      },
        {
            "itemtype": "nonveg",
            "price": "90",
            "itemname": "Chicken 65"
      },
        {
            "itemtype": "nonveg",
            "price": "95",
            "itemname": "Darlic Chicken"
      },
        {
            "itemtype": "nonveg",
            "price": "450",
            "itemname": "Ramba Chicken"
      },
        {
            "price": "100",
            "itemname": "Chicken Manchurian",
            "itemtype": "nonveg"
      },
        {
            "price": "100",
            "itemname": "Garlic Chicken",
            "itemtype": "nonveg"
      },
        {
            "price": "110",
            "itemname": "Schezwan Chicken",
            "itemtype": "nonveg"
      },
        {
            "price": "100",
            "itemname": "Chilli Chicken",
            "itemtype": "nonveg"
      },
        {
            "price": "100",
            "itemname": "Ginger Chicken",
            "itemtype": "nonveg"
      },
        {
            "price": "100",
            "itemname": "Shankhal Chicken",
            "itemtype": "nonveg"
      }
   ],
    "Main_course_veg": [
        {
            "price": "75",
            "itemname": "Paneer Masala",
            "itemtype": "veg"
      },
        {
            "price": "75",
            "itemname": "Kadhai Paneer",
            "itemtype": "veg"
      },
        {
            "price": "95",
            "itemname": "Shimla Paneer",
            "itemtype": "veg"
      },
        {
            "price": "70",
            "itemname": "Mutter Paneer",
            "itemtype": "veg"
      },
        {
            "price": "95",
            "itemname": "Kaju Paneer",
            "itemtype": "veg"
      },
        {
            "price": "110",
            "itemname": "Paneer Pasnda",
            "itemtype": "veg"
      },
        {
            "price": "75",
            "itemname": "Paneer Do Pyaja",
            "itemtype": "veg"
      },
        {
            "price": "90",
            "itemname": "Paneer Bhurji",
            "itemtype": "veg"
      },
        {
            "price": "75",
            "itemname": "Paneer Butter Masala",
            "itemtype": "veg"
      },
        {
            "price": "75",
            "itemname": "Tawa Paneer",
            "itemtype": "veg"
      },
        {
            "price": "85",
            "itemname": "Palak Paneer",
            "itemtype": "veg"
      },
        {
            "price": "70",
            "itemname": "Haryali Paneer",
            "itemtype": "veg"
      },
        {
            "price": "95",
            "itemname": "Shahi Paneer",
            "itemtype": "veg"
      },
        {
            "price": "75",
            "itemname": "Paneer Korma",
            "itemtype": "veg"
      },
        {
            "price": "90",
            "itemname": "Paneer Tikka Masala",
            "itemtype": "veg"
      },
        {
            "price": "90",
            "itemname": "A.D Spl Paneer",
            "itemtype": "veg"
      },
        {
            "itemtype": "veg",
            "price": "65",
            "itemname": "Spl Aloo Bhuji"
      },
        {
            "itemtype": "veg",
            "price": "60",
            "itemname": "Aloo Mutter Tamatar"
      },
        {
            "itemtype": "veg",
            "price": "60",
            "itemname": "Aloo Dum Punjabi"
      },
        {
            "itemtype": "veg",
            "price": "60",
            "itemname": "Aloo Methi(Dry)"
      },
        {
            "itemtype": "veg",
            "price": "60",
            "itemname": "Veg Korma"
      },
        {
            "itemtype": "veg",
            "price": "70",
            "itemname": "Veg Butter Masala"
      },
        {
            "itemtype": "veg",
            "price": "65",
            "itemname": "Kadahi Veg"
      },
        {
            "itemtype": "veg",
            "price": "55",
            "itemname": "Bhindi Masala"
      },
        {
            "itemtype": "veg",
            "price": "65",
            "itemname": "Chana Masala"
      },
        {
            "itemtype": "veg",
            "price": "60",
            "itemname": "Baigan Bharta"
      },
        {
            "itemtype": "veg",
            "price": "90",
            "itemname": "Kaju Curry(Sweet/Spicy)"
      },
        {
            "itemtype": "veg",
            "price": "75",
            "itemname": "Veg Kolhapuri"
      },
        {
            "itemtype": "veg",
            "price": "60",
            "itemname": "Aloo Gobi Masala(Dry)"
      },
        {
            "itemtype": "veg",
            "price": "60",
            "itemname": "Aloo Gobi Masala(Gravy)"
      },
        {
            "itemtype": "veg",
            "price": "60",
            "itemname": "Aloo Capsicum"
      },
        {
            "itemtype": "veg",
            "price": "50",
            "itemname": "Aloo Jeera(Dry)"
      },
        {
            "itemtype": "veg",
            "price": "60",
            "itemname": "Mix Veg Sabzi"
      },
        {
            "itemtype": "veg",
            "price": "60",
            "itemname": "Tawa Garden(Dry)"
      },
        {
            "itemtype": "veg",
            "price": "70",
            "itemname": "Veg Keema"
      },
        {
            "itemtype": "veg",
            "price": "50",
            "itemname": "Bhindi Fry(Dry)"
      },
        {
            "itemtype": "veg",
            "price": "65",
            "itemname": "Bhindi Do Pyaja"
      },
        {
            "itemtype": "veg",
            "price": "60",
            "itemname": "Rajma Masala"
      },
        {
            "itemtype": "veg",
            "price": "75",
            "itemname": "Mushroom Masala"
      }
   ],
    "Main_course_nonveg": [
        {
            "price": "120",
            "itemname": "Chicken Masala(Full)",
            "itemtype": "nonveg"
      },
        {
            "price": "75",
            "itemname": "Chicken Masala(Half)",
            "itemtype": "nonveg"
      },
        {
            "price": "120",
            "itemname": "Chicken Korma(Full)",
            "itemtype": "nonveg"
      },
        {
            "price": "75",
            "itemname": "Chicken Korma(Half)",
            "itemtype": "nonveg"
      },
        {
            "price": "199",
            "itemname": "Chicken Makhani(Full)",
            "itemtype": "nonveg"
      },
        {
            "price": "110",
            "itemname": "Chicken Makhani(Half)",
            "itemtype": "nonveg"
      },
        {
            "price": "130",
            "itemname": "Chicken DO-Pyaja(Full)",
            "itemtype": "nonveg"
      },
        {
            "price": "80",
            "itemname": "Chicken DO-Pyaja(Half)",
            "itemtype": "nonveg"
      },
        {
            "price": "120",
            "itemname": "Chicken Kadahi(Full)",
            "itemtype": "nonveg"
      },
        {
            "price": "75",
            "itemname": "Chicken Kadahi",
            "itemtype": "nonveg"
      },
        {
            "price": "110",
            "itemname": "Chicken Curry(Full)",
            "itemtype": "nonveg"
      },
        {
            "price": "70",
            "itemname": "Chicken Curry(Half)",
            "itemtype": "nonveg"
      },
        {
            "price": "230",
            "itemname": "Chicken Handi(Full)",
            "itemtype": "nonveg"
      },
        {
            "price": "120",
            "itemname": "Chicken Handi(Half)",
            "itemtype": "nonveg"
      },
        {
            "price": "230",
            "itemname": "Chicken Mugalai(Full)",
            "itemtype": "nonveg"
      },
        {
            "price": "120",
            "itemname": "Chicken Mugalai(Half)",
            "itemtype": "nonveg"
      },
        {
            "price": "155",
            "itemname": "Chicken Kima",
            "itemtype": "nonveg"
      },
        {
            "price": "200",
            "itemname": "Chicken Punjabi(Full)",
            "itemtype": "nonveg"
      },
        {
            "price": "110",
            "itemname": "Chicken Punjabi(Half)",
            "itemtype": "nonveg"
      },
        {
            "price": "230",
            "itemname": "Chicken Hyderabadi(Full)",
            "itemtype": "nonveg"
      },
        {
            "price": "120",
            "itemname": "Chicken Hyderabadi(Half)",
            "itemtype": "nonveg"
      },
        {
            "price": "220",
            "itemname": "Chicken Rogan Josh(Full)",
            "itemtype": "nonveg"
      },
        {
            "price": "120",
            "itemname": "Chicken Rogan Josh(Half)",
            "itemtype": "nonveg"
      },
        {
            "price": "140",
            "itemname": "Godavari Chicken",
            "itemtype": "nonveg"
      },
        {
            "price": "150",
            "itemname": "Rara Chicken",
            "itemtype": "nonveg"
      },
        {
            "price": "240",
            "itemname": "Chi Tandoori masala(Full)",
            "itemtype": "nonveg"
      },
        {
            "price": "130",
            "itemname": "Chi Tandoori masala(Half)",
            "itemtype": "nonveg"
      },
        {
            "price": "110",
            "itemname": "Chicken Tikka masala",
            "itemtype": "nonveg"
      },
        {
            "price": "130",
            "itemname": "Chicken Kalimirch(Full)",
            "itemtype": "nonveg"
      },
        {
            "price": "80",
            "itemname": "Chicken Kalimrich(Half)",
            "itemtype": "nonveg"
      },
        {
            "price": "130",
            "itemname": "Chicken Sagawala(Full)",
            "itemtype": "nonveg"
      },
        {
            "price": "80",
            "itemname": "Chicken Sagawala(Half)",
            "itemtype": "nonveg"
      },
        {
            "price": "130",
            "itemname": "Butter Chicken(Full)",
            "itemtype": "nonveg"
      },
        {
            "price": "80",
            "itemname": "Butter Chicken(Half)",
            "itemtype": "nonveg"
      },
        {
            "price": "270",
            "itemname": "AD spl Chicken(Full)",
            "itemtype": "nonveg"
      },
        {
            "price": "140",
            "itemname": "AD spl Chicken(Half)",
            "itemtype": "nonveg"
      },
        {
            "price": "220",
            "itemname": "Chicken Pattiyala(Full)",
            "itemtype": "nonveg"
      },
        {
            "price": "110",
            "itemname": "Chicken Pattiyala(Half)",
            "itemtype": "nonveg"
      },
        {
            "price": "150",
            "itemname": "Chicken Bharata",
            "itemtype": "nonveg"
      }
   ],
    "Rolls": [
        {
            "itemname": "Chicken Roll",
            "itemtype": "nonveg",
            "price": "40"
      },
        {
            "itemname": "Double Chicken Egg Double Egg Basha ",
            "itemtype": "nonveg",
            "price": "70"
      },
        {
            "itemname": "Gobi Roll",
            "itemtype": "veg",
            "price": "40"
      },
        {
            "itemname": "Magi Veg Roll",
            "itemtype": "veg",
            "price": "50"
      },
        {
            "itemname": "Paneer Basha",
            "itemtype": "veg",
            "price": "60"
      },
        {
            "itemname": "Double Chicken Single Egg",
            "itemtype": "nonveg",
            "price": "55"
      },
        {
            "itemname": "Paneer Roll",
            "itemtype": "veg",
            "price": "40"
      },
        {
            "itemname": "Gobi Roll Basha",
            "itemtype": "veg",
            "price": "50"
      },
        {
            "itemname": "Magi Non-Veg Roll",
            "itemtype": "nonveg",
            "price": "50"
      }
   ],
    "Dal": [
        {
            "price": "40",
            "itemtype": "veg",
            "itemname": "Dal Fry"
      },
        {
            "price": "60",
            "itemtype": "veg",
            "itemname": "Dal Makhni"
      },
        {
            "price": "45",
            "itemtype": "veg",
            "itemname": "Dal Tadka"
      }
   ],
    "Breads": [
        {
            "itemtype": "veg",
            "itemname": "Tawa Roti",
            "price": "6"
      },
        {
            "itemtype": "veg",
            "itemname": "Tandoori Roti",
            "price": "9"
      },
        {
            "itemtype": "veg",
            "itemname": "Butter Nan",
            "price": "18"
      },
        {
            "itemtype": "veg",
            "itemname": "Butter Kulcha",
            "price": "14"
      },
        {
            "itemtype": "veg",
            "itemname": "Aloo Kulcha",
            "price": "25"
      },
        {
            "itemtype": "veg",
            "itemname": "Laccha Paratha",
            "price": "22"
      },
        {
            "itemtype": "veg",
            "itemname": "Tawa Butter Roti",
            "price": "7"
      },
        {
            "itemtype": "veg",
            "itemname": "Tandoori Butter Roti",
            "price": "10"
      },
        {
            "itemtype": "veg",
            "itemname": "Plain Roti",
            "price": "15"
      },
        {
            "itemtype": "veg",
            "itemname": "Masala Kulcha ",
            "price": "30"
      },
        {
            "itemtype": "veg",
            "itemname": "Paneer Kulcha",
            "price": "25"
      },
        {
            "itemtype": "veg",
            "itemname": "Garlic Nan",
            "price": "28"
      },
        {
            "itemtype": "veg",
            "price": "20",
            "itemname": "Aloo Paratha"
      },
        {
            "itemtype": "veg",
            "price": "25",
            "itemname": "Gobi Paratha"
      },
        {
            "itemtype": "veg",
            "price": "10",
            "itemname": "Plain Paratha"
      },
        {
            "itemtype": "veg",
            "price": "20",
            "itemname": "Sattu Paratha"
      },
        {
            "itemtype": "veg",
            "price": "30",
            "itemname": "Paneer Paratha"
      },
        {
            "itemtype": "veg",
            "price": "25",
            "itemname": "Onion Paratha"
      },
        {
            "itemtype": "veg",
            "price": "30",
            "itemname": "Mix Paratha"
      },
        {
            "itemtype": "veg",
            "price": "10",
            "itemname": "Fried Papad"
      },
        {
            "itemtype": "veg",
            "price": "20",
            "itemname": "Masala Papad"
      }
   ],
    "Ande_Ke_Funde": [
        {
            "itemname": "Egg Curry",
            "price": "45",
            "itemtype": "nonveg"
      },
        {
            "itemname": "Egg Bhurji",
            "price": "35",
            "itemtype": "nonveg"
      },
        {
            "itemname": "Egg Omlette",
            "price": "30",
            "itemtype": "nonveg"
      },
        {
            "itemname": "Egg Masala",
            "price": "50",
            "itemtype": "nonveg"
      },
        {
            "itemname": "Egg Bhurji Curry",
            "price": "45",
            "itemtype": "nonveg"
      },
        {
            "itemname": "omlette Curry",
            "price": "30",
            "itemtype": "nonveg"
      }
   ],
    "Rice_&_Briyani": [
        {
            "price": "35",
            "itemtype": "veg",
            "itemname": "Steam Rice "
      },
        {
            "price": "60",
            "itemtype": "veg",
            "itemname": "Veg Pulao"
      },
        {
            "price": "60",
            "itemtype": "veg",
            "itemname": "Ghee Rice"
      },
        {
            "price": "50",
            "itemtype": "veg",
            "itemname": "Curd Rice"
      },
        {
            "price": "50",
            "itemtype": "veg",
            "itemname": "Veg Schezwan Fried Rice"
      },
        {
            "price": "Peas Pulao",
            "itemtype": "veg",
            "itemname": "Mushroom Fried Rice"
      },
        {
            "price": "Paneer pulao",
            "itemtype": "veg",
            "itemname": "60"
      },
        {
            "price": "Jeera Rice",
            "itemtype": "veg",
            "itemname": "85"
      },
        {
            "price": "Veg Fried Rice",
            "itemtype": "veg",
            "itemname": "45"
      },
        {
            "price": "Garlic Fried Rice",
            "itemtype": "veg",
            "itemname": "45"
      },
        {
            "price": "Veg Biryani",
            "itemtype": "veg",
            "itemname": "55"
      },
        {
            "itemtype": "nonveg",
            "itemname": "Hyd. Chicken Dum Briyani",
            "price": "90"
      },
        {
            "itemtype": "nonveg",
            "itemname": "Ehh Biryani",
            "price": "70"
      },
        {
            "itemtype": "nonveg",
            "itemname": "Egg Fried Rice",
            "price": "45"
      },
        {
            "itemtype": "nonveg",
            "itemname": "Hyd. Mutton Briyani",
            "price": "130"
      },
        {
            "itemtype": "nonveg",
            "itemname": "Chicken Fried Rice",
            "price": "60"
      },
        {
            "itemtype": "nonveg",
            "itemname": "Schezwan Egg Fried Rice",
            "price": "50"
      }
   ],
    "Salad_&_Curd": [
        {
            "itemname": "Onion Salad",
            "itemtype": "veg",
            "price": "20"
      },
        {
            "itemname": "Green Salad",
            "itemtype": "veg",
            "price": "35"
      },
        {
            "itemname": "Masala Onion Salad",
            "itemtype": "veg",
            "price": "25"
      },
        {
            "itemname": "Plain Curd",
            "itemtype": "veg",
            "price": "45"
      },
        {
            "itemname": "Onion Raita",
            "itemtype": "veg",
            "price": "30"
      },
        {
            "itemname": "Mix Raita",
            "itemtype": "veg",
            "price": "50"
      },
        {
            "itemname": "Bundi Raita",
            "itemtype": "veg",
            "price": "50"
      },
        {
            "itemname": "Cucumber Raita",
            "itemtype": "veg",
            "price": "40"
      },
        {
            "itemname": "Jeera Curd",
            "itemtype": "veg",
            "price": "40"
      }
   ],
    "Beverages": [
        {
            "itemtype": "veg",
            "itemname": "Masala cold Drink",
            "price": "20"
      },
        {
            "itemtype": "veg",
            "itemname": "Salted Lassi",
            "price": "20"
      },
        {
            "itemtype": "veg",
            "itemname": "Mineral Water",
            "price": "20"
      },
        {
            "itemtype": "veg",
            "itemname": "Jal Jeera",
            "price": "20"
      },
        {
            "itemtype": "veg",
            "itemname": "Sweet Lassi",
            "price": "20"
      },
        {
            "itemtype": "veg",
            "itemname": "Butter Milk",
            "price": "15"
      },
        {
            "itemtype": "veg",
            "itemname": "Soft Drink(1/2ltr)",
            "price": "40"
      },
        {
            "itemtype": "veg",
            "itemname": "Mango lassi",
            "price": "30"
      }
   ]
}